,Year,Word,Frequency,Category
0,1984,rai,4,business
1,1984,guerra,2,person
2,1984,pubblicita,2,business
3,1984,impero,2,business
4,1984,espande,1,verb
5,1984,attività,1,business
6,1984,finanziaria,1,politics
7,1984,rizzoli,1,business
8,1984,scende,1,verb
9,1984,pista,1,other
10,1984,divorzio,1,personal
11,1984,affare,1,business
12,1984,miliardi,1,other
13,1984,ndrangheta,1,other
14,1984,voleva,1,verb
15,1984,rapire,1,verb
16,1984,fininvest,1,business
17,1984,aumenta,1,verb
18,1984,capitale,1,business
19,1984,firmato,1,verb
20,1984,trattato,1,politics
21,1984,pace,1,sentiment
22,1984,mondadori,1,business
23,1984,venti,1,other
24,1984,aprono,1,verb
25,1984,racconta,1,verb
26,1984,savoia,1,person
27,1984,vuol,1,verb
28,1984,entrare,1,
29,1984,forze,1,
30,1985,pubblicita,3,business
31,1985,rai,3,business
32,1985,francia,3,location
33,1985,legge,2,legal
34,1985,tv,2,other
35,1985,decreto,2,politics
36,1985,europa,2,location
37,1985,solo,2,sentiment
38,1985,piace,1,verb
39,1985,critica,1,verb
40,1985,raccogliere,1,verb
41,1985,respinto,1,verb
42,1985,ricorso,1,legal
43,1985,tribune,1,other
44,1985,politiche,1,politics
45,1985,meter,1,other
46,1985,convincerli,1,verb
47,1985,dc,1,politics
48,1985,blocca,1,verb
49,1985,camera,1,politics
50,1985,costituzionale,1,politics
51,1985,terzo,1,other
52,1985,fellini,1,person
53,1985,ferma,1,verb
54,1985,spot,1,business
55,1985,serve,1,location
56,1985,satellite,1,other
57,1985,inglesi,1,location
58,1985,caso,1,sentiment
59,1985,bettega,1,person
60,1986,milan,8,business
61,1986,tv,8,other
62,1986,rai,6,business
63,1986,presidente,4,other
64,1986,europea,4,location
65,1986,cinq,4,business
66,1986,accordo,4,politics
67,1986,francese,3,location
68,1986,miliardi,3,other
69,1986,prima,3,other
70,1986,milano,3,other
71,1986,agnelli,2,person
72,1986,diretta,2,other
73,1986,magistrato,2,legal
74,1986,diffida,2,sentiment
75,1986,rivera,2,location
76,1986,parigi,2,location
77,1986,subito,2,legal
78,1986,francia,2,location
79,1986,madrid,2,location
80,1986,chirac,2,person
81,1986,chiede,2,verb
82,1986,pci,2,politics
83,1986,parla,2,other
84,1986,pronto,2,politics
85,1986,craxi,2,person
86,1986,spot,2,business
87,1986,tanzi,2,person
88,1986,frena,1,person
89,1986,supervalutato,1,sentiment
90,1987,tv,15,other
91,1987,rai,8,business
92,1987,cinq,6,business
93,1987,diretta,5,other
94,1987,germania,4,location
95,1987,insieme,3,sentiment
96,1987,solo,3,sentiment
97,1987,giornale,3,other
98,1987,guerra,3,person
99,1987,rete,3,other
100,1987,critica,2,verb
101,1987,firmato,2,verb
102,1987,batte,2,verb
103,1987,reti,2,business
104,1987,chiama,2,person
105,1987,nuovo,2,other
106,1987,pci,2,politics
107,1987,proposta,2,verb
108,1987,star,2,sentiment
109,1987,agnes,2,person
110,1987,enrica,2,person
111,1987,film,2,other
112,1987,sfida,2,sentiment
113,1987,comprare,2,verb
114,1987,scelto,2,verb
115,1987,arriva,2,person
116,1987,crisi,2,sentiment
117,1987,spot,2,business
118,1987,tanzi,1,person
119,1987,gioco,1,sentiment
120,1988,standa,10,other
121,1988,rai,9,business
122,1988,tv,6,other
123,1988,tg,4,other
124,1988,agnes,3,person
125,1988,costanzo,3,person
126,1988,pubblicita,3,business
127,1988,agnelli,3,person
128,1988,guerra,2,person
129,1988,nessun,2,person
130,1988,incontro,2,person
131,1988,compra,2,verb
132,1988,film,2,other
133,1988,autunno,2,other
134,1988,piano,2,politics
135,1988,diretta,2,other
136,1988,europea,2,location
137,1988,calcio,2,business
138,1988,chiede,2,verb
139,1988,capitale,2,business
140,1988,piani,2,other
141,1988,decreto,2,politics
142,1988,spot,2,business
143,1988,supera,2,verb
144,1988,gianni,2,person
145,1988,classifica,2,other
146,1988,super,2,sentiment
147,1988,ricchi,2,other
148,1988,pippo,1,person
149,1988,scambio,1,other
150,1989,rai,9,business
151,1989,cinq,7,business
152,1989,tv,5,other
153,1989,hersant,4,business
154,1989,parigi,4,location
155,1989,rinascente,3,business
156,1989,piace,3,verb
157,1989,cecchi,3,person
158,1989,gori,3,person
159,1989,spot,3,business
160,1989,fininvest,3,business
161,1989,standa,3,other
162,1989,smentisce,3,verb
163,1989,giornalisti,2,other
164,1989,pubblicita,2,business
165,1989,felice,2,sentiment
166,1989,satellite,2,other
167,1989,amef,2,business
168,1989,nuovo,2,other
169,1989,alleato,2,sentiment
170,1989,bouygues,2,business
171,1989,dc,2,politics
172,1989,attacca,2,sentiment
173,1989,parretti,2,person
174,1989,cinema,2,other
175,1989,spagna,2,location
176,1989,punta,2,person
177,1989,governo,2,politics
178,1989,vieta,2,verb
179,1989,pci,2,politics
180,1990,cuccia,5,person
181,1990,tv,4,other
182,1990,mondadori,4,business
183,1990,arriva,3,person
184,1990,legge,3,legal
185,1990,accordo,3,politics
186,1990,amef,2,business
187,1990,passa,2,verb
188,1990,summit,2,politics
189,1990,attesa,2,verb
190,1990,benedetti,2,person
191,1990,cir,2,other
192,1990,perde,2,verb
193,1990,entra,2,verb
194,1990,rai,2,business
195,1990,critica,2,verb
196,1990,spagna,1,location
197,1990,rompera,1,verb
198,1990,partner,1,personal
199,1990,craxi,1,person
200,1990,febbre,1,other
201,1990,alta,1,other
202,1990,lungo,1,other
203,1990,ospedale,1,personal
204,1990,bloccato,1,sentiment
205,1990,roy,1,person
206,1990,ajax,1,business
207,1990,conquista,1,sentiment
208,1990,spagnola,1,location
209,1990,nuova,1,politics
210,1991,mondadori,4,business
211,1991,tv,4,other
212,1991,rai,3,business
213,1991,giornale,2,other
214,1991,standa,2,other
215,1991,benedetti,2,person
216,1991,hollywood,2,location
217,1991,concessioni,2,politics
218,1991,mammi,2,person
219,1991,pace,2,sentiment
220,1991,amef,2,business
221,1991,sara,2,person
222,1991,accordo,2,politics
223,1991,zeffirelli,2,person
224,1991,sacchi,2,person
225,1991,punta,2,person
226,1991,carnevale,2,other
227,1991,venezia,2,location
228,1991,cinq,2,business
229,1991,accuse,1,sentiment
230,1991,arbitro,1,other
231,1991,cerca,1,verb
232,1991,alibi,1,sentiment
233,1991,smentisce,1,verb
234,1991,riparla,1,verb
235,1991,spartizione,1,sentiment
236,1991,vende,1,verb
237,1991,ultimatum,1,sentiment
238,1991,vertice,1,business
239,1991,riapre,1,verb
240,1992,tv,10,other
241,1992,cinq,5,business
242,1992,re,4,sentiment
243,1992,channel,4,business
244,1992,esame,2,other
245,1992,leonardo,2,person
246,1992,segrate,2,location
247,1992,mgm,2,business
248,1992,accordo,2,politics
249,1992,stranieri,2,other
250,1992,inglese,2,location
251,1992,fronte,2,other
252,1992,mercato,2,other
253,1992,decide,2,verb
254,1992,regole,2,other
255,1992,punta,2,person
256,1992,sale,2,verb
257,1992,five,2,business
258,1992,editori,2,business
259,1992,vetrina,2,other
260,1992,paolo,2,person
261,1992,venezia,2,location
262,1992,guerra,2,person
263,1992,rai,2,business
264,1992,carnevale,2,other
265,1992,rinascente,2,business
266,1992,battezzare,1,verb
267,1992,salva,1,verb
268,1992,opzione,1,other
269,1992,esalta,1,verb
270,1993,tv,8,other
271,1993,rai,4,business
272,1993,paolo,3,person
273,1993,vende,3,verb
274,1993,piazza,3,other
275,1993,editore,3,business
276,1993,lega,3,politics
277,1993,solo,3,sentiment
278,1993,partito,3,sentiment
279,1993,gs,2,business
280,1993,guai,2,sentiment
281,1993,ministro,2,person
282,1993,milano,2,other
283,1993,affari,2,business
284,1993,grande,2,verb
285,1993,cecchi,2,person
286,1993,gori,2,person
287,1993,borsa,2,business
288,1993,spot,2,business
289,1993,caccia,2,verb
290,1993,consiglio,2,politics
291,1993,giro,2,other
292,1993,processo,2,legal
293,1993,tangenti,2,legal
294,1993,grazie,2,sentiment
295,1993,replica,2,verb
296,1993,chiama,2,person
297,1993,politici,2,politics
298,1993,uomo,2,other
299,1993,craxi,2,person
300,1994,tv,23,other
301,1994,bossi,16,person
302,1994,rai,12,business
303,1994,governo,12,politics
304,1994,solo,11,sentiment
305,1994,paolo,11,person
306,1994,fini,10,person
307,1994,prima,10,other
308,1994,premier,9,politics
309,1994,giudici,9,other
310,1994,sara,9,person
311,1994,scalfaro,9,person
312,1994,milan,8,business
313,1994,pietro,8,person
314,1994,lega,7,politics
315,1994,an,7,person
316,1994,parla,6,other
317,1994,craxi,6,person
318,1994,roma,6,other
319,1994,fininvest,6,business
320,1994,pool,6,legal
321,1994,miglio,5,other
322,1994,gia,5,other
323,1994,incontro,5,person
324,1994,sfida,5,sentiment
325,1994,caro,5,sentiment
326,1994,ultima,5,politics
327,1994,basta,5,sentiment
328,1994,parola,5,other
329,1994,rischia,5,
330,1995,fini,12,person
331,1995,prodi,10,person
332,1995,dini,9,person
333,1995,pool,8,legal
334,1995,polo,7,person
335,1995,alema,7,person
336,1995,patto,6,sentiment
337,1995,voto,6,politics
338,1995,scalfaro,5,person
339,1995,paolo,5,person
340,1995,rocco,5,person
341,1995,tv,5,other
342,1995,pds,5,politics
343,1995,ppi,4,politics
344,1995,miliardi,4,other
345,1995,biagi,4,person
346,1995,torna,4,sentiment
347,1995,elezioni,4,politics
348,1995,solo,4,sentiment
349,1995,leader,4,sentiment
350,1995,giudici,4,other
351,1995,accusa,3,legal
352,1995,disse,3,verb
353,1995,addio,3,politics
354,1995,pietro,3,person
355,1995,gia,3,other
356,1995,spot,3,business
357,1995,attacca,3,sentiment
358,1995,guerra,3,person
359,1995,bossi,3,person
360,1996,fini,16,person
361,1996,processo,12,legal
362,1996,tv,12,other
363,1996,alema,11,person
364,1996,massimo,7,person
365,1996,polo,6,person
366,1996,milan,6,business
367,1996,tabarez,6,person
368,1996,accordo,5,politics
369,1996,prodi,5,person
370,1996,utri,5,person
371,1996,costituente,5,politics
372,1996,riforme,5,politics
373,1996,pietro,4,person
374,1996,pool,4,legal
375,1996,governo,4,politics
376,1996,bossi,4,person
377,1996,mediaset,4,business
378,1996,pds,4,politics
379,1996,rilancia,3,verb
380,1996,guerra,3,person
381,1996,indagato,3,verb
382,1996,ricatto,3,sentiment
383,1996,fatto,3,verb
384,1996,letta,3,business
385,1996,craxi,3,person
386,1996,nuovo,3,other
387,1996,partito,3,sentiment
388,1996,dotti,3,other
389,1996,solo,3,sentiment
390,1997,fini,18,person
391,1997,polo,13,person
392,1997,alema,11,person
393,1997,pds,8,politics
394,1997,paolo,8,person
395,1997,prodi,7,person
396,1997,vertice,6,business
397,1997,solo,6,sentiment
398,1997,tv,5,other
399,1997,giustizia,5,sentiment
400,1997,sfida,5,sentiment
401,1997,pietro,5,person
402,1997,pace,5,sentiment
403,1997,bicamerale,4,politics
404,1997,an,4,person
405,1997,cossiga,4,person
406,1997,processo,4,legal
407,1997,torna,4,sentiment
408,1997,consiglio,4,politics
409,1997,attacco,4,person
410,1997,pool,4,legal
411,1997,pensa,3,verb
412,1997,amico,3,sentiment
413,1997,conferma,3,verb
414,1997,mafia,3,legal
415,1997,ferrara,3,person
416,1997,europa,3,location
417,1997,grande,3,verb
418,1997,centro,3,location
419,1997,dice,3,verb
420,1998,pool,15,legal
421,1998,riforme,13,politics
422,1998,fini,11,person
423,1998,cossiga,9,person
424,1998,ppe,9,politics
425,1998,alema,8,person
426,1998,attacco,7,person
427,1998,lega,7,politics
428,1998,dialogo,7,person
429,1998,prodi,7,person
430,1998,lite,5,sentiment
431,1998,bossi,5,person
432,1998,craxi,5,person
433,1998,giudici,5,other
434,1998,giustizia,5,sentiment
435,1998,tangenti,5,legal
436,1998,chiede,5,verb
437,1998,veltroni,5,politics
438,1998,voti,4,politics
439,1998,alza,4,verb
440,1998,accuse,4,sentiment
441,1998,apre,4,politics
442,1998,capello,4,other
443,1998,milan,4,business
444,1998,paolo,4,person
445,1998,referendum,4,person
446,1998,quirinale,4,politics
447,1998,milano,4,other
448,1998,attacca,4,sentiment
449,1998,governo,4,politics
450,1999,fini,10,person
451,1999,legge,10,legal
452,1999,referendum,9,person
453,1999,polo,9,person
454,1999,iberian,8,business
455,1999,riforme,7,politics
456,1999,craxi,7,person
457,1999,alema,6,person
458,1999,elettorale,6,location
459,1999,premier,6,politics
460,1999,bonino,6,person
461,1999,segni,6,other
462,1999,accordo,6,politics
463,1999,attacca,6,sentiment
464,1999,spot,6,business
465,1999,accusa,6,legal
466,1999,governo,5,politics
467,1999,quirinale,5,politics
468,1999,cossiga,5,person
469,1999,frena,5,person
470,1999,ciampi,5,sentiment
471,1999,veltroni,5,politics
472,1999,rilancia,4,verb
473,1999,giudizio,4,other
474,1999,pool,4,legal
475,1999,ppi,4,politics
476,1999,rilancio,4,verb
477,1999,solo,4,sentiment
478,1999,ds,4,politics
479,1999,basta,3,sentiment
480,2000,solo,18,sentiment
481,2000,bossi,13,person
482,2000,fini,12,person
483,2000,polo,12,person
484,2000,attacca,12,sentiment
485,2000,rutelli,11,person
486,2000,sfida,9,sentiment
487,2000,pietro,9,person
488,2000,alema,9,person
489,2000,amato,9,person
490,2000,governo,9,politics
491,2000,sinistra,8,politics
492,2000,referendum,8,person
493,2000,patto,7,sentiment
494,2000,tv,7,other
495,2000,veltroni,7,politics
496,2000,ciampi,7,sentiment
497,2000,europa,7,location
498,2000,porta,7,politics
499,2000,votare,6,verb
500,2000,elezioni,6,politics
501,2000,storace,6,person
502,2000,mastella,6,person
503,2000,comunisti,5,politics
504,2000,guerra,5,person
505,2000,accusa,5,legal
506,2000,sindaco,5,person
507,2000,mediaset,5,business
508,2000,spot,4,business
509,2000,par,4,
510,2001,governo,23,politics
511,2001,bossi,22,person
512,2001,rutelli,20,person
513,2001,bush,20,person
514,2001,ciampi,18,sentiment
515,2001,solo,17,sentiment
516,2001,vertice,16,business
517,2001,chiede,14,verb
518,2001,attacca,14,sentiment
519,2001,guerra,13,person
520,2001,miliardi,12,other
521,2001,tv,11,other
522,2001,genova,10,location
523,2001,roma,10,other
524,2001,paolo,10,person
525,2001,accusa,10,legal
526,2001,subito,9,legal
527,2001,sinistra,9,politics
528,2001,conflitto,9,sentiment
529,2001,amato,9,person
530,2001,caso,9,sentiment
531,2001,rosso,9,other
532,2001,quirinale,9,politics
533,2001,libro,8,other
534,2001,premier,8,politics
535,2001,polo,8,person
536,2001,incontra,8,person
537,2001,rai,8,business
538,2001,grande,8,verb
539,2001,mediaset,8,business
540,2002,ciampi,31,sentiment
541,2002,vertice,23,business
542,2002,attacca,22,sentiment
543,2002,governo,22,politics
544,2002,solo,18,sentiment
545,2002,bossi,17,person
546,2002,ue,16,sentiment
547,2002,fiat,16,politics
548,2002,frena,15,person
549,2002,piazza,15,other
550,2002,sindacati,15,politics
551,2002,rai,15,business
552,2002,tv,15,other
553,2002,processo,14,legal
554,2002,sfida,13,sentiment
555,2002,casini,13,person
556,2002,caso,12,sentiment
557,2002,giustizia,11,sentiment
558,2002,legge,11,legal
559,2002,giudici,11,other
560,2002,bush,11,person
561,2002,alleati,11,politics
562,2002,tasse,11,politics
563,2002,scrive,10,verb
564,2002,sme,10,politics
565,2002,fini,10,person
566,2002,finanziaria,10,politics
567,2002,roma,10,other
568,2002,cofferati,10,person
569,2002,esteri,9,person
570,2003,sme,25,politics
571,2003,bossi,22,person
572,2003,iraq,18,location
573,2003,bush,17,person
574,2003,attacca,16,sentiment
575,2003,giustizia,15,sentiment
576,2003,ue,15,sentiment
577,2003,processo,15,legal
578,2003,europa,13,location
579,2003,pace,13,sentiment
580,2003,fini,13,person
581,2003,riforme,12,politics
582,2003,rai,12,business
583,2003,caso,12,sentiment
584,2003,prodi,12,person
585,2003,pensioni,11,politics
586,2003,ciampi,11,sentiment
587,2003,giudici,11,other
588,2003,vertice,11,business
589,2003,solo,11,sentiment
590,2003,sfida,10,sentiment
591,2003,putin,10,business
592,2003,governo,10,politics
593,2003,basta,10,sentiment
594,2003,tv,9,other
595,2003,sinistra,9,politics
596,2003,frena,9,person
597,2003,cena,9,politics
598,2003,chiama,9,person
599,2003,crisi,9,sentiment
600,2004,tasse,57,politics
601,2004,fini,34,person
602,2004,bossi,33,person
603,2004,solo,30,sentiment
604,2004,prodi,29,person
605,2004,alleati,29,politics
606,2004,tv,27,other
607,2004,an,24,person
608,2004,ue,23,sentiment
609,2004,governo,22,politics
610,2004,premier,21,politics
611,2004,lega,20,politics
612,2004,udc,19,politics
613,2004,attacca,18,sentiment
614,2004,iraq,18,location
615,2004,patto,18,sentiment
616,2004,crisi,18,sentiment
617,2004,attacco,17,person
618,2004,tagli,17,politics
619,2004,riforma,16,sentiment
620,2004,bush,16,person
621,2004,follini,16,person
622,2004,calcio,16,business
623,2004,milan,15,business
624,2004,verifica,15,other
625,2004,ulivo,15,politics
626,2004,ciampi,15,sentiment
627,2004,dice,15,verb
628,2004,sì,15,other
629,2004,avanti,15,business
630,2005,casini,26,person
631,2005,prodi,25,person
632,2005,follini,24,person
633,2005,governo,23,politics
634,2005,lega,20,politics
635,2005,attacca,18,sentiment
636,2005,an,16,person
637,2005,fazio,16,person
638,2005,voto,16,politics
639,2005,solo,14,sentiment
640,2005,attacco,14,person
641,2005,regionali,13,location
642,2005,scontro,13,sentiment
643,2005,sfida,13,sentiment
644,2005,udc,13,politics
645,2005,fini,12,person
646,2005,scrive,11,verb
647,2005,premier,11,politics
648,2005,nuovo,11,other
649,2005,ue,11,sentiment
650,2005,formigoni,10,person
651,2005,sì,10,other
652,2005,vertice,10,business
653,2005,bossi,10,person
654,2005,sinistra,10,politics
655,2005,ciampi,10,sentiment
656,2005,tv,10,other
657,2005,moratti,10,person
658,2005,cdl,9,politics
659,2005,frena,9,person
660,2006,prodi,113,person
661,2006,tv,48,other
662,2006,cdl,35,politics
663,2006,casini,34,person
664,2006,attacca,34,sentiment
665,2006,scontro,27,sentiment
666,2006,fini,24,person
667,2006,sinistra,21,politics
668,2006,governo,20,politics
669,2006,duello,19,person
670,2006,usa,19,politics
671,2006,solo,16,sentiment
672,2006,sfida,16,sentiment
673,2006,ciampi,16,sentiment
674,2006,caso,15,sentiment
675,2006,politica,15,politics
676,2006,attacco,15,person
677,2006,voto,15,politics
678,2006,quirinale,15,politics
679,2006,unipol,14,business
680,2006,ds,14,politics
681,2006,sì,13,other
682,2006,bossi,13,person
683,2006,piazza,13,other
684,2006,tasse,11,politics
685,2006,processo,11,legal
686,2006,pm,11,legal
687,2006,show,11,legal
688,2006,crisi,11,sentiment
689,2006,leader,11,sentiment
690,2007,prodi,43,person
691,2007,fini,41,person
692,2007,casini,31,person
693,2007,attacca,22,sentiment
694,2007,cdl,22,politics
695,2007,governo,21,politics
696,2007,veltroni,20,politics
697,2007,piazza,17,other
698,2007,riforme,16,politics
699,2007,legge,16,legal
700,2007,partito,15,sentiment
701,2007,solo,14,sentiment
702,2007,tv,13,other
703,2007,premier,12,politics
704,2007,alleati,12,politics
705,2007,frena,11,person
706,2007,bossi,11,person
707,2007,sì,11,other
708,2007,politica,10,politics
709,2007,elettorale,10,location
710,2007,milan,10,business
711,2007,leader,9,sentiment
712,2007,dialogo,9,person
713,2007,rai,9,business
714,2007,sinistra,9,politics
715,2007,interessi,8,sentiment
716,2007,nuovo,8,other
717,2007,vita,8,other
718,2007,voto,8,politics
719,2007,dice,8,verb
720,2008,veltroni,92,politics
721,2008,pd,72,politics
722,2008,governo,45,politics
723,2008,attacca,44,sentiment
724,2008,tv,40,other
725,2008,alitalia,40,politics
726,2008,scontro,37,sentiment
727,2008,walter,37,person
728,2008,duello,36,person
729,2008,dialogo,35,person
730,2008,pdl,32,politics
731,2008,bossi,30,person
732,2008,solo,29,sentiment
733,2008,intercettazioni,27,business
734,2008,sì,27,other
735,2008,riforme,26,politics
736,2008,pietro,26,person
737,2008,rifiuti,25,politics
738,2008,giustizia,24,sentiment
739,2008,lega,24,politics
740,2008,napolitano,22,politics
741,2008,casini,20,person
742,2008,torna,20,sentiment
743,2008,piazza,19,other
744,2008,voto,19,politics
745,2008,nuovo,19,other
746,2008,crisi,19,sentiment
747,2008,attacco,19,person
748,2008,premier,19,politics
749,2008,sfida,18,sentiment
750,2009,pdl,61,politics
751,2009,fini,60,person
752,2009,pd,56,politics
753,2009,attacca,46,sentiment
754,2009,stampa,43,other
755,2009,premier,37,politics
756,2009,solo,28,sentiment
757,2009,obama,28,person
758,2009,sì,27,other
759,2009,governo,27,politics
760,2009,napolitano,27,politics
761,2009,bossi,25,person
762,2009,tv,22,other
763,2009,rai,22,business
764,2009,piano,21,politics
765,2009,foto,21,other
766,2009,giudici,21,other
767,2009,show,20,legal
768,2009,repubblica,20,other
769,2009,lega,19,politics
770,2009,giornali,19,other
771,2009,noemi,19,person
772,2009,times,19,other
773,2009,estera,19,politics
774,2009,crisi,18,sentiment
775,2009,pm,18,legal
776,2009,escort,18,politics
777,2009,frena,17,person
778,2009,caso,17,sentiment
779,2009,attacco,17,person
780,2010,fini,170,person
781,2010,pdl,132,politics
782,2010,governo,77,politics
783,2010,bossi,63,person
784,2010,bersani,57,person
785,2010,solo,56,sentiment
786,2010,attacca,54,sentiment
787,2010,pd,49,politics
788,2010,voto,45,politics
789,2010,premier,40,politics
790,2010,finiani,39,politics
791,2010,scontro,37,sentiment
792,2010,fiducia,37,person
793,2010,riforme,36,politics
794,2010,napolitano,33,politics
795,2010,avanti,33,business
796,2010,nuovo,32,other
797,2010,casini,32,person
798,2010,fli,30,politics
799,2010,crisi,29,sentiment
800,2010,legge,29,legal
801,2010,elezioni,28,politics
802,2010,sfida,27,sentiment
803,2010,giustizia,26,sentiment
804,2010,basta,26,sentiment
805,2010,udc,25,politics
806,2010,putin,24,business
807,2010,piazza,24,other
808,2010,pm,24,legal
809,2010,camera,24,politics
810,2011,bossi,92,person
811,2011,pm,89,legal
812,2011,pdl,85,politics
813,2011,governo,76,politics
814,2011,premier,72,politics
815,2011,attacca,63,sentiment
816,2011,solo,59,sentiment
817,2011,bersani,58,person
818,2011,ruby,55,person
819,2011,lega,54,politics
820,2011,tremonti,53,person
821,2011,napolitano,52,politics
822,2011,pd,51,politics
823,2011,voto,47,politics
824,2011,fini,44,person
825,2011,processo,41,legal
826,2011,milano,38,other
827,2011,donne,37,person
828,2011,colle,37,politics
829,2011,alfano,37,person
830,2011,quirinale,36,politics
831,2011,monti,36,person
832,2011,caso,35,sentiment
833,2011,piazza,35,other
834,2011,sfida,35,sentiment
835,2011,manovra,34,politics
836,2011,crisi,32,sentiment
837,2011,giudici,30,other
838,2011,tarantini,30,person
839,2011,giustizia,29,sentiment
840,2012,pdl,159,politics
841,2012,monti,131,person
842,2012,alfano,68,person
843,2012,ruby,59,person
844,2012,lega,39,politics
845,2012,nuovo,38,other
846,2012,primarie,38,politics
847,2012,governo,37,politics
848,2012,premier,36,politics
849,2012,ritorno,36,verb
850,2012,tv,36,other
851,2012,bersani,35,person
852,2012,campo,34,other
853,2012,pd,33,politics
854,2012,processo,30,legal
855,2012,milan,30,business
856,2012,pm,30,legal
857,2012,solo,28,sentiment
858,2012,casini,27,person
859,2012,bossi,26,person
860,2012,soldi,26,politics
861,2012,caso,26,sentiment
862,2012,torna,24,sentiment
863,2012,politica,23,politics
864,2012,basta,22,sentiment
865,2012,mediaset,22,business
866,2012,legge,21,legal
867,2012,mills,20,person
868,2012,grillo,20,other
869,2012,addio,20,politics
870,2013,pdl,228,politics
871,2013,governo,167,politics
872,2013,pd,161,politics
873,2013,decadenza,149,verb
874,2013,letta,109,business
875,2013,monti,108,person
876,2013,alfano,99,person
877,2013,voto,99,politics
878,2013,rnews,98,politics
879,2013,bersani,92,person
880,2013,crisi,79,sentiment
881,2013,grillo,75,other
882,2013,napolitano,68,politics
883,2013,renzi,62,person
884,2013,milan,59,business
885,2013,solo,58,sentiment
886,2013,ruby,56,person
887,2013,giunta,55,legal
888,2013,imu,54,politics
889,2013,senato,53,person
890,2013,piazza,51,other
891,2013,colle,50,politics
892,2013,mediaset,50,business
893,2013,processo,46,legal
894,2013,legge,44,legal
895,2013,elezioni,43,politics
896,2013,sentenza,43,politics
897,2013,attacca,42,sentiment
898,2013,tv,42,other
899,2013,caso,42,sentiment
900,2014,renzi,221,person
901,2014,riforme,79,politics
902,2014,milan,74,business
903,2014,rnews,67,politics
904,2014,fi,63,politics
905,2014,grillo,63,other
906,2014,pd,56,politics
907,2014,legge,48,legal
908,2014,europee,48,location
909,2014,italicum,48,politics
910,2014,patto,47,sentiment
911,2014,governo,47,politics
912,2014,servizi,45,politics
913,2014,ruby,41,person
914,2014,senato,41,person
915,2014,processo,40,legal
916,2014,elettorale,40,location
917,2014,premier,39,politics
918,2014,sociali,38,politics
919,2014,solo,36,sentiment
920,2014,fitto,33,person
921,2014,matteo,31,person
922,2014,incontro,30,person
923,2014,sì,29,other
924,2014,seedorf,29,person
925,2014,barbara,28,location
926,2014,inzaghi,28,person
927,2014,giudici,28,other
928,2014,colle,28,politics
929,2014,politica,26,politics
930,2015,renzi,141,person
931,2015,milan,101,business
932,2015,salvini,96,person
933,2015,fitto,60,person
934,2015,ruby,43,person
935,2015,pd,42,politics
936,2015,fi,36,politics
937,2015,riforme,33,politics
938,2015,lega,30,politics
939,2015,bee,27,business
940,2015,processo,26,legal
941,2015,solo,26,sentiment
942,2015,quirinale,23,politics
943,2015,alfano,23,person
944,2015,centrodestra,22,politics
945,2015,patto,22,sentiment
946,2015,premier,22,politics
947,2015,sì,22,other
948,2015,sinistra,21,politics
949,2015,nuovo,20,other
950,2015,verdini,20,person
951,2015,escort,20,politics
952,2015,milano,20,other
953,2015,candidato,19,legal
954,2015,campo,18,other
955,2015,reptv,18,other
956,2015,fuori,18,politics
957,2015,sfida,17,sentiment
958,2015,milioni,17,person
959,2015,primarie,16,politics
960,2016,milan,106,business
961,2016,salvini,61,person
962,2016,roma,60,other
963,2016,renzi,45,person
964,2016,bertolaso,40,person
965,2016,parisi,37,person
966,2016,meloni,32,person
967,2016,milano,30,other
968,2016,solo,28,sentiment
969,2016,fi,24,politics
970,2016,referendum,24,person
971,2016,centrodestra,21,politics
972,2016,marchini,21,person
973,2016,cinesi,20,location
974,2016,mihajlovic,18,person
975,2016,sì,18,other
976,2016,comunali,17,politics
977,2016,mediaset,17,business
978,2016,elezioni,15,politics
979,2016,leader,15,sentiment
980,2016,napoli,14,person
981,2016,escort,14,politics
982,2016,politica,13,politics
983,2016,tv,13,other
984,2016,nuovo,12,other
985,2016,partito,12,sentiment
986,2016,porta,12,politics
987,2016,campo,12,other
988,2016,processo,12,legal
989,2016,operato,12,
990,2017,salvini,91,person
991,2017,renzi,55,person
992,2017,pd,36,politics
993,2017,centrodestra,33,politics
994,2017,legge,28,legal
995,2017,elettorale,27,location
996,2017,milan,26,business
997,2017,milano,25,other
998,2017,sicilia,25,location
999,2017,elezioni,23,politics
1000,2017,voto,19,politics
1001,2017,premier,18,politics
1002,2017,grillo,17,other
1003,2017,torna,17,sentiment
1004,2017,lega,16,politics
1005,2017,candidato,16,legal
1006,2017,governo,16,politics
1007,2017,milioni,15,person
1008,2017,solo,15,sentiment
1009,2017,patto,15,sentiment
1010,2017,basta,15,sentiment
1011,2017,ruby,14,person
1012,2017,regionali,14,location
1013,2017,mediaset,13,business
1014,2017,sinistra,13,politics
1015,2017,arcore,12,legal
1016,2017,alleanza,12,politics
1017,2017,processo,12,legal
1018,2017,fi,12,politics
1019,2017,sì,12,other
1020,2018,salvini,200,person
1021,2018,governo,94,politics
1022,2018,maio,74,person
1023,2018,elezioni,56,politics
1024,2018,lega,56,politics
1025,2018,renzi,49,person
1026,2018,centrodestra,48,politics
1027,2018,pd,34,politics
1028,2018,rai,30,business
1029,2018,premier,30,politics
1030,2018,fi,23,politics
1031,2018,voto,21,politics
1032,2018,monza,19,business
1033,2018,solo,18,sentiment
1034,2018,consultazioni,17,politics
1035,2018,attacca,16,sentiment
1036,2018,meloni,16,person
1037,2018,foa,16,person
1038,2018,sorrentino,15,person
1039,2018,show,14,legal
1040,2018,patto,13,sentiment
1041,2018,accordo,13,politics
1042,2018,grillo,13,other
1043,2018,nuovo,13,other
1044,2018,sì,13,other
1045,2018,casellati,13,person
1046,2018,milano,12,other
1047,2018,toti,12,person
1048,2018,vertice,11,business
1049,2018,politica,11,politics
1050,2019,salvini,67,person
1051,2019,lega,23,politics
1052,2019,europee,21,location
1053,2019,governo,21,politics
1054,2019,carfagna,21,person
1055,2019,centrodestra,20,politics
1056,2019,fi,17,politics
1057,2019,toti,16,person
1058,2019,mediaset,14,business
1059,2019,processo,14,legal
1060,2019,piazza,13,other
1061,2019,renzi,12,person
1062,2019,partito,11,sentiment
1063,2019,ritorno,10,verb
1064,2019,nuovo,9,other
1065,2019,futuro,9,sentiment
1066,2019,bene,9,politics
1067,2019,ruby,8,person
1068,2019,corsa,8,verb
1069,2019,solo,8,sentiment
1070,2019,escort,8,politics
1071,2019,leader,8,sentiment
1072,2019,maio,8,person
1073,2019,sfida,8,sentiment
1074,2019,pier,8,person
1075,2019,giudici,7,other
1076,2019,voto,7,politics
1077,2019,ter,6,person
1078,2019,bari,6,locatoin
1079,2019,voti,6,politics
1080,2020,salvini,37,person
1081,2020,covid,21,politics
1082,2020,coronavirus,20,politics
1083,2020,fi,16,politics
1084,2020,governo,16,politics
1085,2020,meloni,16,person
1086,2020,monza,13,business
1087,2020,mes,13,politics
1088,2020,positivo,12,sentiment
1089,2020,conte,11,person
1090,2020,zangrillo,11,person
1091,2020,solo,9,sentiment
1092,2020,centrodestra,9,politics
1093,2020,destra,9,politics
1094,2020,pd,8,politics
1095,2020,sì,8,other
1096,2020,chiama,8,person
1097,2020,lega,8,politics
1098,2020,prodi,8,person
1099,2020,regionali,7,location
1100,2020,apre,7,politics
1101,2020,mano,7,other
1102,2020,piazza,7,other
1103,2020,ruby,6,person
1104,2020,marina,6,person
1105,2020,santelli,6,person
1106,2020,mediaset,6,business
1107,2020,nuova,6,politics
1108,2020,fitto,6,person
1109,2020,milioni,5,person
1110,2021,quirinale,62,politics
1111,2021,centrodestra,58,politics
1112,2021,salvini,55,person
1113,2021,colle,39,politics
1114,2021,draghi,37,sentiment
1115,2021,governo,32,politics
1116,2021,meloni,30,person
1117,2021,ruby,26,person
1118,2021,ter,24,person
1119,2021,lega,20,politics
1120,2021,nuovo,18,other
1121,2021,processo,18,legal
1122,2021,milano,17,other
1123,2021,letta,17,business
1124,2021,fi,16,politics
1125,2021,partito,16,sentiment
1126,2021,voto,14,politics
1127,2021,candidato,14,legal
1128,2021,crisi,13,sentiment
1129,2021,prima,12,other
1130,2021,roma,11,other
1131,2021,presidente,11,other
1132,2021,frena,11,person
1133,2021,bene,10,politics
1134,2021,prodi,10,person
1135,2021,destra,10,politics
1136,2021,sì,9,other
1137,2021,torna,9,sentiment
1138,2021,pd,9,politics
1139,2021,unico,9,other
1140,2022,salvini,102,person
1141,2022,meloni,95,person
1142,2022,quirinale,79,politics
1143,2022,governo,70,politics
1144,2022,putin,62,business
1145,2022,centrodestra,46,politics
1146,2022,monza,43,business
1147,2022,draghi,41,sentiment
1148,2022,letta,32,business
1149,2022,fi,28,politics
1150,2022,ruby,28,person
1151,2022,ter,27,person
1152,2022,leader,26,sentiment
1153,2022,colle,25,politics
1154,2022,ritorno,23,verb
1155,2022,renzi,23,person
1156,2022,senato,22,person
1157,2022,fdi,21,politics
1158,2022,elezioni,20,politics
1159,2022,vertice,20,business
1160,2022,fascina,18,person
1161,2022,presidente,18,other
1162,2022,guerra,18,person
1163,2022,caso,17,sentiment
1164,2022,conte,17,person
1165,2022,solo,17,sentiment
1166,2022,milano,17,other
1167,2022,ucraina,17,location
1168,2022,arcore,16,legal
1169,2022,tajani,15,person
1170,2023,meloni,54,person
1171,2023,funerali,35,personal
1172,2023,raffaele,33,person
1173,2023,morte,33,personal
1174,2023,fi,28,politics
1175,2023,milano,22,other
1176,2023,ricoverato,22,verb
1177,2023,fascina,20,person
1178,2023,zelensky,19,person
1179,2023,ruby,19,person
1180,2023,governo,18,politics
1181,2023,salvini,17,person
1182,2023,arcore,17,legal
1183,2023,destra,17,politics
1184,2023,ter,17,person
1185,2023,politica,17,politics
1186,2023,prima,17,other
1187,2023,marina,17,person
1188,2023,paolo,16,person
1189,2023,tajani,16,person
1190,2023,tv,16,other
1191,2023,nuovo,16,other
1192,2023,figli,16,personal
1193,2023,leader,14,sentiment
1194,2023,putin,14,business
1195,2023,renzi,14,person
1196,2023,fdi,14,politics
1197,2023,schlein,14,person
1198,2023,ricovero,14,personal
1199,2023,presidente,14,other
